"","Acaulosporaceae","Agaricaceae","Agaricales_fam_Incertae_sedis","Agaricales_unclassified","Agaricomycetes_fam_Incertae_sedis","Agaricomycetes_unclassified","Amniculicolaceae","Amphisphaeriaceae","Annulatascaceae","Antennulariellaceae","Apiosporaceae","Archaeorhizomycetaceae","Archaeorhizomycetes_unclassified","Archaeosporaceae","Arthrodermataceae","Ascobolaceae","Ascomycota_fam_Incertae_sedis","Ascomycota_unclassified","Ascosphaeraceae","Auriculariales_fam_Incertae_sedis","Auriculariales_unclassified","Basidiomycota_unclassified","Bionectriaceae","Bolbitiaceae","Botryosphaeriaceae","Cantharellales_fam_Incertae_sedis","Capnodiales_fam_Incertae_sedis","Capnodiales_unclassified","Cephalothecaceae","Ceratobasidiaceae","Ceratocystidaceae","Ceratostomataceae","Chaetomiaceae","Chaetosphaeriaceae","Chaetothyriaceae","Chaetothyriales_fam_Incertae_sedis","Chaetothyriales_unclassified","Chionosphaeraceae","Chytridiomycota_unclassified","Claroideoglomeraceae","Clavariaceae","Clavicipitaceae","Coniochaetaceae","Cordycipitaceae","Corticiaceae","Cucurbitariaceae","Cunninghamellaceae","Cystobasidiaceae","Cystobasidiomycetes_fam_Incertae_sedis","Cystofilobasidiaceae","Cystofilobasidiales_fam_Incertae_sedis","Davidiellaceae","Debaryomycetaceae","Dermateaceae","Diaporthaceae","Didymosphaeriaceae","Diversisporaceae","Dothideaceae","Dothideomycetes_fam_Incertae_sedis","Dothideomycetes_unclassified","Dothioraceae","Entolomataceae","Eocronartiaceae","Eurotiomycetes_unclassified","Exobasidiaceae","Fungi_unclassified","Ganodermataceae","Geastraceae","Geminibasidiaceae","Geoglossaceae","Glomeraceae","Glomerellaceae","Halosphaeriaceae","Helotiaceae","Helotiales_fam_Incertae_sedis","Helotiales_unclassified","Herpotrichiellaceae","Heterogastridiaceae","Hyaloscyphaceae","Hydnangiaceae","Hydnodontaceae","Hygrophoraceae","Hypocreaceae","Hypocreales_fam_Incertae_sedis","Hypocreales_unclassified","Hyponectriaceae","Inocybaceae","Kickxellaceae","Kickxellales_unclassified","Lasiosphaeriaceae","Lentitheciaceae","Leotiaceae","Leotiomycetes_fam_Incertae_sedis","Leotiomycetes_unclassified","Leptosphaeriaceae","Leucosporidiaceae","Lipomycetaceae","Lobulomycetaceae","Lophiostomataceae","Magnaporthaceae","Magnaporthales_unclassified","Malasseziaceae","Marasmiaceae","Meruliaceae","Metschnikowiaceae","Microascaceae","Microbotryomycetes_fam_Incertae_sedis","Microbotryomycetes_ord_Incertae_sedis_unclassified","Microbotryomycetes_unclassified","Microstromataceae","Montagnulaceae","Mortierellaceae","Mucoraceae","Mycenaceae","Mycosphaerellaceae","Myxotrichaceae","Nectriaceae","Niaceae","Niessliaceae","Onygenaceae","Onygenales_fam_Incertae_sedis","Ophiocordycipitaceae","Orbiliaceae","Paraglomeraceae","Pezizaceae","Pezizales_unclassified","Pezizomycotina_fam_Incertae_sedis","Phaeosphaeriaceae","Phallaceae","Piptocephalidaceae","Piskurozymaceae","Plectosphaerellaceae","Pleomassariaceae","Pleosporaceae","Pleosporales_fam_Incertae_sedis","Pleosporales_unclassified","Psathyrellaceae","Pseudeurotiaceae","Pyronemataceae","Reticulascaceae","Rhizophlyctidaceae","Rhizophydiaceae","Rhizophydiales_fam_Incertae_sedis","Rhizopodaceae","Rutstroemiaceae","Saccharomycetaceae","Saccharomycetales_fam_Incertae_sedis","Saccharomycetales_unclassified","Saksenaeaceae","Schizoporaceae","Sclerotiniaceae","Sebacinales_Group_B","Sebacinales_unclassified","Sordariaceae","Sordariales_fam_Incertae_sedis","Sordariales_unclassified","Sordariomycetes_fam_Incertae_sedis","Sordariomycetes_unclassified","Spiculogloeaceae","Spizellomycetaceae","Sporidiobolales_fam_Incertae_sedis","Sporormiaceae","Stephanosporaceae","Stereaceae","Strophariaceae","Taphrinales_unclassified","Teratosphaeriaceae","Tetraplosphaeriaceae","Thelebolaceae","Thelephoraceae","Tilletiariaceae","Tremellales_fam_Incertae_sedis","Tremellales_unclassified","Trichocomaceae","Tricholomataceae","Trichosphaeriales_fam_Incertae_sedis","Trichosporonaceae","Tubeufiaceae","unclassified_Archaeosporales","unclassified_Auriculariales","unclassified_Botryosphaeriales","unclassified_Chaetothyriales","unclassified_Chytridiomycetes","unclassified_Chytridiomycota","unclassified_Ciliophora","unclassified_Eurotiomycetes","unclassified_Fungi","unclassified_Geoglossales","unclassified_Glomeromycota","unclassified_Hypocreales","unclassified_Kickxellales","unclassified_Leucosporidiales","unclassified_Microascales","unclassified_Mortierellales","unclassified_Onygenales","unclassified_Orbiliomycetes","unclassified_Paraglomerales","unclassified_Pleosporales","unclassified_Rozellomycota","unclassified_Sebacinales","unclassified_Sordariales","unclassified_Xylariales","Urocystidaceae","Ustilaginaceae","Venturiaceae","Verrucariaceae","Vibrisseaceae","Xylariaceae","Xylariales_fam_Incertae_sedis","Xylariales_unclassified"
"R-B1",1.833415837046e-05,5.500247511138e-05,0,0,0,5.500247511138e-05,0,0,0,3.666831674092e-05,0,0,0,0,0,0,0,0.0005500247511138,0,1.833415837046e-05,0,0.00038501732577966,0.0207542672753607,0,1.833415837046e-05,0,0,0,0,5.500247511138e-05,0.00034834900903874,0,0.00124672276919128,0.0006416955429661,0.00056835890948426,0,0,0,0,0,0,0.00749867077351814,1.833415837046e-05,3.666831674092e-05,0,3.666831674092e-05,0,0,0,0,0,1.833415837046e-05,0,0,0,0.00012833910859322,0,0,0,0,0,1.833415837046e-05,0,0,0,0.52729039473443,0,0.00306180444786682,0,0,0.00020167574207506,0,0,5.500247511138e-05,0.00856205195900482,0,0.00095337623526392,0,0.0004583539592615,0,0,0,0.00132005940267312,0.00286012870579176,1.833415837046e-05,0,0,0.0002750123755569,1.833415837046e-05,0.00031168069229782,0,0,7.333663348184e-05,0,0,0,0,0,5.500247511138e-05,0,0,0,0.0016500742533414,0,0,3.666831674092e-05,0,0,0,0,0,0.00077003465155932,0,0,0,0,0.340556991731295,0.00011000495022276,0,0,0,3.666831674092e-05,1.833415837046e-05,0,3.666831674092e-05,0,1.833415837046e-05,0.00020167574207506,0,0,0,0.0006416955429661,5.500247511138e-05,0.00033001485066828,0.00242010890490072,0.0177107969858644,1.833415837046e-05,0,0,0,0,0,0,1.833415837046e-05,0,0,0,0,0,0,0,1.833415837046e-05,0,0,0,1.833415837046e-05,1.833415837046e-05,0.00047668811763196,0,5.500247511138e-05,1.833415837046e-05,0,0.0212676237097336,0,0,0,0,0,0,0,0,0.0002750123755569,1.833415837046e-05,0.00947875987752782,0,0,0.022477678162184,0,0,0,0,0,0,0,0,0,0,1.833415837046e-05,0,0,0.00044001980089104,0,0,0,0,0,0,0.00016500742533414,0,3.666831674092e-05,0,0.0004583539592615,0,0.0002750123755569,0,0,0.00040335148415012,0.00011000495022276,3.666831674092e-05,0.0012833910859322
"R-B2",0,3.82672585335987e-05,0,0,0,1.91336292667993e-05,0,0,0,0,0,0,0,0,0,0,0,0.000612276136537578,0,3.82672585335987e-05,0,0.000612276136537578,0.0181004132863922,0,9.56681463339966e-05,0,0,0,0,0.00197076381448033,7.65345170671973e-05,0,0.00118628501454156,0.000210469921934793,0.000363538956069187,0,0,0,0,3.82672585335987e-05,0,0.00585489055564059,0,1.91336292667993e-05,0.000114801775600796,3.82672585335987e-05,1.91336292667993e-05,0,0,0,0,0,0,0,0,5.7400887800398e-05,0,0,0,0,0,0.000133935404867595,1.91336292667993e-05,0,0,0.543873411908771,0,3.82672585335987e-05,0,0,0.000114801775600796,0,0,3.82672585335987e-05,0.00715597734578295,3.82672585335987e-05,0.000535741619470381,0,0.000248737180468391,0,0,5.7400887800398e-05,0.000114801775600796,0.00197076381448033,3.82672585335987e-05,0,0,0.000229603551201592,1.91336292667993e-05,0.00507041175570182,7.65345170671973e-05,0,9.56681463339966e-05,3.82672585335987e-05,0,0,0,0,0,0,0,0,0.00451553650696464,0,0,0,0,0,0,0,0,0.00210469921934793,0,0.000172202663401194,0,0,0.290467625899281,1.91336292667993e-05,0,0,0,1.91336292667993e-05,0.000133935404867595,0,0,0,0.000133935404867595,9.56681463339966e-05,0,0,0,0.000478340731669983,0,0.000478340731669983,0.00254477269248431,0.0123411908770856,5.7400887800398e-05,0,0,0,0,0,0,7.65345170671973e-05,0,0,0,0,0,0,0,3.82672585335987e-05,3.82672585335987e-05,0,0,0,0,0.000267870809735191,0,1.91336292667993e-05,0,1.91336292667993e-05,0.0859482626664626,0,0,0,1.91336292667993e-05,0,0,0,0,3.82672585335987e-05,0,0.00160722485841114,0,0,0.00478340731669983,0,0,0,0,0,3.82672585335987e-05,0,0,0,0,0,3.82672585335987e-05,0,0.000765345170671973,0,0,0,0,0,0,0.000133935404867595,0,3.82672585335987e-05,1.91336292667993e-05,0.000631409765804378,0,0.000191336292667993,0,0,0.000440073473136385,0,0,0.00191336292667993
"R-B3",0,1.83583925391493e-05,0,1.83583925391493e-05,0,3.67167850782985e-05,0,3.67167850782985e-05,0,0,0,0,0,0,0,0,0,0.00110150355234896,0,5.50751776174478e-05,0,0.00139523783297534,0.0186337684272365,0,0.000110150355234896,5.50751776174478e-05,0,0,0,0,0,0,0.00156046336582769,0.000458959813478732,0.000201942317930642,0,7.34335701565971e-05,0,0,0,0,0.00664573809917204,1.83583925391493e-05,0.000165225532852343,0,0.000917919626957464,1.83583925391493e-05,0,3.67167850782985e-05,1.83583925391493e-05,0,0,0,0,0,0.000422243028400433,0,0,0,7.34335701565971e-05,0,0.000128508747774045,0,0,0,0.574636044867911,0,0.000330451065704687,0,0,7.34335701565971e-05,0,0,0.000110150355234896,0.00433258063923923,0,0.00108314515980981,0,0.00102806998219236,0,0,1.83583925391493e-05,0.000110150355234896,0.00211121514200217,3.67167850782985e-05,0,3.67167850782985e-05,0.000422243028400433,0,0.0038001872556039,0,0,1.83583925391493e-05,1.83583925391493e-05,0,0,0,0,0,3.67167850782985e-05,0,0,0.000605826953791926,0,0,1.83583925391493e-05,0,0,0,0,0,0.00152374658074939,0.000146867140313194,0,0,0,0.307135907179967,0.00025701749554809,0,0,0,5.50751776174478e-05,0.000146867140313194,0,0,0,0.000201942317930642,0.000624185346331075,0,0,5.50751776174478e-05,0.000972994804574911,3.67167850782985e-05,0.0013768794404362,0.0102439830368453,0.0179361495107488,0.000220300710469791,0,0,0,0,0,0,0,0,0,0,0,0,0,0,0.000110150355234896,0,0,0,0,0,0.000660902131409374,0,0,0,0.000110150355234896,0.0287492427163078,0,0.000128508747774045,0,0,0,0,0,0,0.000128508747774045,0,0.0026068917405592,0,0,0.00203778157184557,3.67167850782985e-05,0,0,0.000128508747774045,0,0,0,0,0,0,0,0,3.67167850782985e-05,0.00049567659855703,0,0,1.83583925391493e-05,0,0,0,7.34335701565971e-05,0,7.34335701565971e-05,0,0.000605826953791926,0,9.17919626957464e-05,0,0,0.000605826953791926,0,0,0.0013401626553579
"R-BF-1",0,1.46479368380964e-05,0,0.000190423178895253,0,5.85917473523854e-05,0,0,0,4.39438105142891e-05,0,0,0,0,0,0,0,0.000937467957638167,0,2.92958736761927e-05,0,0.000966763831314359,0.0227921897200779,0,1.46479368380964e-05,0.000175775242057156,0,0,0,8.78876210285781e-05,0,0,0.00309071467283833,0.000395494294628602,0.000556621599847661,0,8.78876210285781e-05,0,0,2.92958736761927e-05,0,0.00477522740921941,0,0.000102535557866674,0.00238761370460971,0.000527325726171469,1.46479368380964e-05,0,0,0,0,0,0,0,0,0.00048338191565718,0,0,0,7.32396841904818e-05,0,0,0,0,0,0.615198699263209,0,0,0,0,0.000102535557866674,0,0,1.46479368380964e-05,0.0147797682696392,0,0.000688453031390529,0,0.000366198420952409,0,0,1.46479368380964e-05,8.78876210285781e-05,0.00357409658849551,0,0,0,0.000146479368380964,8.78876210285781e-05,0.000454086041980987,0,0,0.000117183494704771,2.92958736761927e-05,0,0,0,0,0,0,0,0,0.00908172083961974,0,0,0,0,0,0,0,0,0.00351550484114312,0,0,0,0,0.280918132681012,0.000219719052571445,0,0,0,1.46479368380964e-05,0,1.46479368380964e-05,0,0,1.46479368380964e-05,0.000146479368380964,0,1.46479368380964e-05,0,0.00032225461043812,7.32396841904818e-05,0.000952115894476263,0.00260733275718115,0.0134028622068582,0.000205071115733349,0,0,0,0,0,0,1.46479368380964e-05,0,0,0,5.85917473523854e-05,0,0,0,7.32396841904818e-05,0,0,0,0,1.46479368380964e-05,0.000292958736761927,0,2.92958736761927e-05,2.92958736761927e-05,0,0.0016112730521906,0,0,0,0,0,0,0,0,0.000117183494704771,0,0.000615213347200047,2.92958736761927e-05,1.46479368380964e-05,0.00767551890316249,1.46479368380964e-05,0,0.000131831431542867,0,0,0,1.46479368380964e-05,0,0,0,0,1.46479368380964e-05,0,0.000498029852495276,0,0,2.92958736761927e-05,0,0,0,0.000102535557866674,0,0,1.46479368380964e-05,0.000585917473523854,2.92958736761927e-05,0.000439438105142891,0,0,0.000556621599847661,0.000131831431542867,0,0.00183099210476204
"R-BF-2",0,4.24853956452469e-05,0,8.49707912904939e-05,4.24853956452469e-05,0.000106213489113117,0,0,0,4.24853956452469e-05,0,0,0,0,0,8.49707912904939e-05,0,0.0027190653212958,0,0,0,0.00097716409984068,0.0244503451938396,4.24853956452469e-05,0,0,0,0,0,0.000148698884758364,0.000127456186935741,0,0.00146574614976102,0.00112586298459904,0.000679766330323951,0,0.000106213489113117,0,0,4.24853956452469e-05,8.49707912904939e-05,0.00575677110993096,0,0.000509824747742963,0.000297397769516729,6.37280934678704e-05,0,0,0,0,0,0,0,0,0,0.000106213489113117,0,0,0,0,0,0,0,2.12426978226235e-05,0,0.641635687732342,0,2.12426978226235e-05,0,0,0.000148698884758364,0,0,2.12426978226235e-05,0.0207328730748805,0,0.00195432819968136,0,0.00269782262347318,0,0,0,0.00129580456718003,0.00450345193839618,0.000127456186935741,0,0,0.000467339352097716,0.000106213489113117,0.000955921402018056,0,0,0.000254912373871482,0.000169941582580988,0,0,0,0,6.37280934678704e-05,0,0,2.12426978226235e-05,8.49707912904939e-05,0,0.000148698884758364,0,0,0,0,0,0,0.00303770578863516,4.24853956452469e-05,0.00142326075411577,0,0,0.248433351035582,4.24853956452469e-05,0,0,0,0,2.12426978226235e-05,8.49707912904939e-05,4.24853956452469e-05,0,6.37280934678704e-05,0.000361125862984599,0,0,0,0.00127456186935741,0,0.000212426978226235,0.0038874137015401,0.00983536909187467,0.000106213489113117,0,0,0,0,0,0,0,0,2.12426978226235e-05,0.000127456186935741,0,0,0,0,0.000127456186935741,0,0,0,0,4.24853956452469e-05,0.00055231014338821,0,0,0,0,0.001805629314923,0,0.00429102496016994,0,0,2.12426978226235e-05,0,0,0,2.12426978226235e-05,0,0.00246415294742432,0,0,0.00174190122145512,0,0,0,0,0,0,0,0,0,0,0,0,0,0.000339883165161976,0,0,0,0,0,0,0.000254912373871482,0,0,8.49707912904939e-05,0.000807222517259692,4.24853956452469e-05,0.000743494423791822,0,0,0.00101964949548593,0,0,0.00206054168879448
"R-BF-3",2.23338916806253e-05,2.23338916806253e-05,0,2.23338916806253e-05,2.23338916806253e-05,0.000111669458403127,0,0,0,6.70016750418761e-05,0,0,0,0,0,0,0,0.00154103852596315,0,6.70016750418761e-05,0,0.00415410385259631,0.0533333333333333,2.23338916806253e-05,0.000178671133445003,0,4.46677833612507e-05,0,0,0,4.46677833612507e-05,0,0.00169737576772753,0.00033500837520938,0.000893355667225014,0,6.70016750418761e-05,0.000178671133445003,0,0,0,0.00846454494695701,0,0,0.000111669458403127,0.000156337241764377,2.23338916806253e-05,0,0,0,0,0,0,0,0,0.000670016750418761,0,0,0,0,0,0,0,0,0,0.490630932439978,0,0.000111669458403127,0,2.23338916806253e-05,0.000178671133445003,0,0,0.000156337241764377,0.0143830262423227,0,0.00243439419318816,0,0.000536013400335008,0,0,4.46677833612507e-05,0.00029034059184813,0.00415410385259631,0,0,0,0.000223338916806253,0,0.000536013400335008,4.46677833612507e-05,0,4.46677833612507e-05,0.000156337241764377,0,0,0,0,0,0,0,0,0.00100502512562814,0,0,8.93355667225014e-05,0,0,0,0,0.000134003350083752,0.00647682858738135,0,0,2.23338916806253e-05,0,0.356225572305974,0.000268006700167504,0,0,0,6.70016750418761e-05,4.46677833612507e-05,0,0,0,8.93355667225014e-05,0.000379676158570631,0,6.70016750418761e-05,4.46677833612507e-05,0.00292573981016192,6.70016750418761e-05,0.000558347292015634,0.00341708542713568,0.0139810161920715,0.000312674483528755,0,0,0,0,0,0,6.70016750418761e-05,0,0,0.000111669458403127,2.23338916806253e-05,0,0,0,0.000178671133445003,0,0,0,0,0,0.000804020100502513,0,0,4.46677833612507e-05,0,0.00165270798436628,0,0.0017643774427694,0,0,0,0,0,0,0.000223338916806253,0,0.00111669458403127,0,0,0.0169067560022334,0.000245672808486879,0,2.23338916806253e-05,0,0,0.00033500837520938,0,0,0,0,0,6.70016750418761e-05,0,0.000513679508654383,0,0,0,0,0,0,0.00033500837520938,0,4.46677833612507e-05,0,0.000804020100502513,0,0.000536013400335008,0,0,0.000268006700167504,0,0,0.00154103852596315
"R-BFi-1",4.53494172599882e-05,0.000204072377669947,0,0.000408144755339894,0.000997687179719741,0.000113373543149971,0,0,0,0,0,2.26747086299941e-05,0,0,0,0,0,0.00145118135231962,0,6.80241258899823e-05,0,0.00303841095641921,0.0223572627091742,0.000453494172599882,4.53494172599882e-05,0,2.26747086299941e-05,0,0,0.000113373543149971,0.0259625413813433,0,0.00489773706407873,0.000317445920819917,0.000362795338079906,0,0,0,0,0,0,0.0123577162033468,0,4.53494172599882e-05,0,0.000226747086299941,2.26747086299941e-05,0,0,0,0,2.26747086299941e-05,0,0,0,0.000158722960409959,0,0,0,4.53494172599882e-05,0,0,0,9.06988345199764e-05,0,0.550088431363657,0,0.00122443426601968,0,4.53494172599882e-05,0.000249421794929935,0,0,0.000136048251779965,0.0175275497709854,4.53494172599882e-05,0.00126978368327967,0,0.000544193007119859,0,0,0,0.000680241258899823,0.00351457983764909,9.06988345199764e-05,0,0,0.000226747086299941,2.26747086299941e-05,0.00158722960409959,0.000317445920819917,0,4.53494172599882e-05,4.53494172599882e-05,0,0,0,0,4.53494172599882e-05,2.26747086299941e-05,0,0,6.80241258899823e-05,0,0,0,0,2.26747086299941e-05,0,0,0,0.00349190512901909,0,0,0,0,0.313296449140629,0.00108838601423972,0,0,0,2.26747086299941e-05,0,4.53494172599882e-05,0,0,0.000136048251779965,9.06988345199764e-05,0,0,0,0.000929663053829758,0,0.000362795338079906,0.0030610856650492,0.0148292594440161,0.000226747086299941,2.26747086299941e-05,0,0,0,0,0,4.53494172599882e-05,0,0,0,0,0,0,0,0,0,0,0,0,0,0.000521518298489864,0,6.80241258899823e-05,0,2.26747086299941e-05,0.000362795338079906,0,0,0,0,0,0,0,0,0.000158722960409959,0,0.00219944673710943,0,0,0.00122443426601968,0,4.53494172599882e-05,2.26747086299941e-05,0,0,0,0,0,0,0,2.26747086299941e-05,0,0,0.00049884358985987,0,0,0,0,2.26747086299941e-05,0,0.000158722960409959,0,0,0,0.000861638927939776,0,0.000702915967529817,0,0,0.000272096503559929,4.53494172599882e-05,2.26747086299941e-05,0.00342388100312911
"R-BFi-2",0,5.59086080620213e-05,0,0.000782720512868298,0,0.000969082539741702,0,0,0,3.72724053746809e-05,0,0,0,1.86362026873404e-05,0,0,0,0.000819992918242979,0,3.72724053746809e-05,0,0.00132317039080117,0.0246929685607261,7.45448107493617e-05,0,1.86362026873404e-05,0,0,0,3.72724053746809e-05,1.86362026873404e-05,0,0.00486404890139585,0.000298179242997447,0.000838629120930319,0,1.86362026873404e-05,0,0,0,0,0.00482677649602117,0,0.00126726178273915,0.00044726886449617,0.000279543040310106,0,0,0,0,0,3.72724053746809e-05,0,0,0,0.000484541269870851,0,0,0,0,0,3.72724053746809e-05,0,0,0,0.602098436422595,0,0.00104362735049106,0,0,1.86362026873404e-05,0,0,3.72724053746809e-05,0.0144244208800015,0,0.00119271697198979,0,0.000316815445684787,0,0,0,0.000167725824186064,0.00445405244227436,1.86362026873404e-05,0,0,0.000204998229560745,0,0.000726811904806277,0,0,5.59086080620213e-05,0.000111817216124043,0,0,0,0,0,0,0,0,0.000745448107493617,0,0,0,0,0,0,0,0,0.0223634432248085,9.31810134367021e-05,0.000204998229560745,0,0,0.285115264913621,0.000279543040310106,0,0,0,1.86362026873404e-05,5.59086080620213e-05,0,0,0,0.000223634432248085,7.45448107493617e-05,0,1.86362026873404e-05,0,0.000670903296744255,9.31810134367021e-05,0.000335451648372128,0.00231088913323021,0.00942991855979426,0.000260906837622766,0,0,0,0,0,0,1.86362026873404e-05,0,0,0,0,0,0,0,1.86362026873404e-05,0,0,0,0,0,0.000633630891369575,1.86362026873404e-05,0,0.000726811904806277,0,9.31810134367021e-05,0,0.000223634432248085,0,0,0,0,0,1.86362026873404e-05,3.72724053746809e-05,0,0.00218043571441883,0,0,0.0015654410257366,0,0,1.86362026873404e-05,3.72724053746809e-05,0,0,0,0,0,0,0,1.86362026873404e-05,0,0.000354087851059468,0,0,3.72724053746809e-05,0,0,0,0.000186362026873404,7.45448107493617e-05,7.45448107493617e-05,9.31810134367021e-05,0.00085726532361766,0,0.00042863266180883,0,0,3.72724053746809e-05,0.000242270634935426,1.86362026873404e-05,0.0025345235654783
"R-Bi-1",0,0.000117090142682702,0,0.000351270428048107,3.34543264807721e-05,0,0,0,0,0,0,0,0,0,0,0,0,0.00102035695766355,0,1.67271632403861e-05,0,0.000836358162019303,0.0236354816586655,0,8.36358162019303e-05,6.69086529615443e-05,0,0,0,5.01814897211582e-05,0,0,0.0076777679273372,0.000167271632403861,0.000367997591288493,0,3.34543264807721e-05,0,0,0,0,0.00511851195155814,0,3.34543264807721e-05,0.000986902631182778,0.000133817305923089,0.000234180285365405,0,1.67271632403861e-05,0,0,0,0,0,0,0.000250907448605791,0,0,0,3.34543264807721e-05,0,1.67271632403861e-05,0.000117090142682702,8.36358162019303e-05,0,0.60485422277236,0,0.000317816101567335,0,0,3.34543264807721e-05,0,0,6.69086529615443e-05,0.00829667296723149,0.000217453122125019,0.00148871752839436,0,0.000317816101567335,0,0,5.01814897211582e-05,0.000117090142682702,0.0022748942006925,0.000602177876653898,0,0,0.000384724754528879,0.000133817305923089,0.000869812488500075,0,0,3.34543264807721e-05,5.01814897211582e-05,0,0,0,0,0,0,0,0,0.00205744107856749,6.69086529615443e-05,0,1.67271632403861e-05,0,0,0,0,0,0.00720940735660639,0,0,0,0,0.289998829098573,0.000853085325259689,0,0,0,1.67271632403861e-05,1.67271632403861e-05,0,1.67271632403861e-05,0,6.69086529615443e-05,0.000301088938326949,0,0,8.36358162019303e-05,0.00173962497700015,0,0.00292725356706756,0.00259271030225984,0.00985229914858739,0.00122108291654818,0,0,0,0,0,0,5.01814897211582e-05,0,0,3.34543264807721e-05,3.34543264807721e-05,0,0,0,5.01814897211582e-05,0,0,0,0,1.67271632403861e-05,0.000334543264807721,0,0,0,6.69086529615443e-05,0.00165598916079822,0,5.01814897211582e-05,0,0,0,0,0,0,0.000133817305923089,0,0.00222471271097135,0,0,0.0111904722078183,1.67271632403861e-05,0,0,0,1.67271632403861e-05,0,0,0,0,0,0,0,0,0.000301088938326949,0,0,1.67271632403861e-05,0,0,0,6.69086529615443e-05,0,1.67271632403861e-05,0.000117090142682702,0.000802903835538531,0,0.000367997591288493,0,0,0.000317816101567335,0,0,0.00148871752839436
"R-Bi-2",0,7.46045956430916e-05,0,0.000522232169501641,0,4.97363970953944e-05,0,0,0,0,0,0,0,0,0,7.46045956430916e-05,0,0.00188998308962499,0,4.97363970953944e-05,0,0.000248681985476972,0.0183278623296528,0.00169103750124341,7.46045956430916e-05,0,0,0,0,0.00017407738983388,0.000298418382572366,0,0.00343181139958221,0.000497363970953944,4.97363970953944e-05,0,4.97363970953944e-05,2.48681985476972e-05,0,0,0,0.00437680294439471,0,0,0.00216353327364966,0.000198945588381578,7.46045956430916e-05,0,0,0,0,0,0,0,0,0.000149209191286183,0,0,0,0,0,2.48681985476972e-05,0,2.48681985476972e-05,0,0.629737391823336,0,2.48681985476972e-05,0,0,0.000149209191286183,2.48681985476972e-05,2.48681985476972e-05,7.46045956430916e-05,0.00857952849895554,0,0.000994727941907888,0,0.000969859743360191,0,0,0,0.000198945588381578,0.00186511489107729,0,0,0,4.97363970953944e-05,4.97363970953944e-05,0.00161643290560032,0,0,2.48681985476972e-05,0,0,0,0,0,0,2.48681985476972e-05,0,0,0.0177310255645081,0,0,0,0,0,0,0,0,0.00198945588381578,0,0,0,0,0.266462747438576,0.000273550184024669,0,0,0,0,0,0,0,0,4.97363970953944e-05,0.000223813786929275,2.48681985476972e-05,0,2.48681985476972e-05,0.000845518750621705,2.48681985476972e-05,0.000348154779667761,0.00191485128817268,0.0149706555257137,0.000124340992738486,0,0,7.46045956430916e-05,0,0,0,0,0,0,2.48681985476972e-05,0.000124340992738486,0,0,0,0,0,0,0,0,0,0.000373022978215458,0,0,2.48681985476972e-05,2.48681985476972e-05,0.00191485128817268,0,0.00131801452302795,0,0,0,0,0,0,7.46045956430916e-05,0,0.00141748731721874,0,0,0.00721177757883219,0,0,0,0,0,0,0,0,0,2.48681985476972e-05,4.97363970953944e-05,9.94727941907888e-05,0,0.000124340992738486,0,0,0,0,0,0,0.000124340992738486,0,7.46045956430916e-05,0.000248681985476972,0.000696309559335522,0,0.000223813786929275,0,0,0.000149209191286183,0,0.000124340992738486,0.00149209191286183
"R-Bi-3",0,3.78723323675889e-05,0,0.000473404154594861,1.89361661837944e-05,1.89361661837944e-05,0,0,0,5.68084985513833e-05,0,0,0,0,0,0,0,0.000871063644454544,0,0,0,0.00274574409665019,0.042284459088413,0,1.89361661837944e-05,0,0,0,0,1.89361661837944e-05,0.00109829763866008,0,0.00420382889280236,0.000549148819330038,0.000284042492756916,0,0,0,0,5.68084985513833e-05,0,0.00532106269764623,0,0,0.000321914825124505,0.000416595656043477,3.78723323675889e-05,5.68084985513833e-05,0,0,0,0,0,0,0,0.000852127478270749,0,0,0,0,0,0,0,0,0,0.530799674297942,0,0.000530212653146244,0,0,3.78723323675889e-05,0,0,5.68084985513833e-05,0.00702531765418773,1.89361661837944e-05,0.000927872143005927,0,0.000227233994205533,0,0.000284042492756916,1.89361661837944e-05,0.000246170160389328,0.00265106326573122,3.78723323675889e-05,0,0,7.57446647351777e-05,0,0.000492340320778655,0,0,3.78723323675889e-05,3.78723323675889e-05,0,0,0,0,3.78723323675889e-05,1.89361661837944e-05,0,0,0,0,0,3.78723323675889e-05,0,1.89361661837944e-05,0,0,1.89361661837944e-05,0.00348425457781817,0.000624893484065216,0,0,0,0.363782688556875,0.000454467988411066,3.78723323675889e-05,0,0,0,5.68084985513833e-05,1.89361661837944e-05,0,0,0.000132553163286561,0.000321914825124505,0,0,1.89361661837944e-05,0.000889999810638338,3.78723323675889e-05,0.0017042549565415,0.00229127610823913,0.0112291465469901,0.000113616997102767,0,0,0,0,0,0,1.89361661837944e-05,0,1.89361661837944e-05,5.68084985513833e-05,0,0,0,0,5.68084985513833e-05,0,0,0,0,0,0.000397659489859683,0,0.000113616997102767,5.68084985513833e-05,1.89361661837944e-05,0.0040902118956996,0,0,0,0,0,0,0,0,0.00017042549565415,0,0.00153382946088735,0,0,0.00160957412562253,0,0,0,0,0,0,0,0,0,0,0,0,0,0.000208297828021739,0,0,0,0,0,0,9.46808309189721e-05,0,3.78723323675889e-05,1.89361661837944e-05,0.00106042530629249,0,3.78723323675889e-05,0,0,9.46808309189721e-05,0.000265106326573122,0,0.00143914862996838
"S-B1",0,0,0,0.0141997830588699,0.00197219209150971,0.0132136870131151,0,0,0,0.0010354008480426,0,0.0065575387042698,0,0.0006902672320284,0,0.0003451336160142,0,0.0313085494527167,0.000147914406863228,0,4.93048022877428e-05,0.0982644709594715,0.0142983926634454,0.000443743220589685,0,0,0,0,0,0.000640962429740657,0,4.93048022877428e-05,0.00872695000493048,0.000986096045754857,0.000542352825165171,0,0,0,0,0,0.00266245932353811,0.0113401045261809,0.00123262005719357,0,0,0.00251454491667488,0,0,0.000986096045754857,0,0,0,0.000147914406863228,0,0,0.000147914406863228,0,0,0,0.000147914406863228,0,0,0.000788876836603885,0.0227295138546494,0,0.146090129178582,0,0.000443743220589685,0,0.00236663050981166,0,0,0,0.00133122966176906,0.00522630904250074,0.0006902672320284,0.00458534661276008,0.000936791243467114,0.000246524011438714,0.000394438418301943,0.00202149689379746,0.0964894980771127,0.00202149689379746,0.00384577457844394,0.000197219209150971,0,0,0.00133122966176906,0.00133122966176906,0.00512769943792525,0,0,0.000640962429740657,0,9.86096045754857e-05,0,0,0,0.00261315452125037,0,0,0,0,0,0,0.000493048022877428,0,0,0,0,0,0.0832265062617099,0.000443743220589685,0.00167636327778326,0.000394438418301943,0.000295828813726457,0.0835223350754363,0,0,0,0,0.000838181638891628,0.00147914406863228,0.0003451336160142,0,0,0.00808598757518982,0.000936791243467114,0,0,0.00147914406863228,0.000493048022877428,0,0.00157775367320777,0.00512769943792525,0.0027610689281136,0.00142983926634454,0,0.00271176412582586,0,0,0,0.00340203135785426,0.000443743220589685,0,0,0,0.000246524011438714,0.000739572034316142,0.000542352825165171,0.00266245932353811,0.00157775367320777,0,0,0,0.00108470565033034,0,0.00941721723695888,0,0.0136574302337048,0,9.86096045754857e-05,0.0027610689281136,0,0,0,0,0,0,0,0,0.00162705847549551,0,0.0100088748644118,0,0,0.204910758307859,4.93048022877428e-05,0,0,0,0.00231732570752391,0.000739572034316142,0.00142983926634454,0.000640962429740657,0.00374716497386845,0,0.00399368898530717,0,0.000147914406863228,0.005177004240213,0,0,0.0010354008480426,0,0.000788876836603885,0,0.00182427768464648,0.00152844887092003,0.00108470565033034,0.000197219209150971,0,0,0.0024159353120994,0,0,0.00764224435460014,0,0,0.000197219209150971
"S-B2",0.000120048019207683,0.00232092837134854,0,0.0251300520208083,0,0.0112444977991196,0,0.000240096038415366,0,0,0,0.00524209683873549,0,0,0,0.00200080032012805,4.0016006402561e-05,0.0276910764305722,0,0,0.000320128051220488,0.0482593037214886,0.0203681472589036,0.00388155262104842,0,0,0,0,0,0,0,4.0016006402561e-05,0.0158063225290116,0.0110044017607043,0.00152060824329732,0,0,0.000840336134453782,0,0.000120048019207683,0.00444177671068427,0.015766306522609,0.00132052821128451,0.00136054421768707,0,0.000200080032012805,0.000480192076830732,0.000200080032012805,0.000200080032012805,0,0.000160064025610244,0,0,0,0.000160064025610244,0.000280112044817927,0.000360144057623049,0,0,0,0,0.00148059223689476,0,0.0339735894357743,0,0.198319327731092,0.000480192076830732,0,0,0.0136454581832733,4.0016006402561e-05,0.00348139255702281,0,0.000480192076830732,0.0148059223689476,0.000480192076830732,0.00792316926770708,0.000320128051220488,0.000960384153661465,0,0.000360144057623049,0.107082833133253,0.000760304121648659,0.00560224089635854,0.000720288115246098,0,0.00360144057623049,0.00460184073629452,0.00168067226890756,0.00888355342136855,0,0,0.00140056022408964,0.00160064025610244,0.000920368147258904,0,4.0016006402561e-05,8.0032012805122e-05,0.00040016006402561,0.000240096038415366,0.000360144057623049,0,0.00592236894757903,0,0,0.00104041616646659,0,0,0,0,0,0.116646658663465,0.000200080032012805,0.000360144057623049,0,0,0.0619047619047619,0,0,0.000520208083233293,0,0.00132052821128451,0.00040016006402561,0,8.0032012805122e-05,0,0.0103241296518607,0.00108043217286915,0,0,0.00120048019207683,0.00252100840336134,0.000240096038415366,0.000640256102440976,0.0054421768707483,0.00324129651860744,0.00248099239695878,0,0,0,0,0,0,0.000200080032012805,0,4.0016006402561e-05,0.00040016006402561,0.000440176070428171,0,0.00104041616646659,0.000360144057623049,0,0,0,0,0,0.00040016006402561,0.0102841136454582,0,0.0160864345738295,0.000440176070428171,0.000800320128051221,0.0173669467787115,0,0,0,0,0,0,0.000840336134453782,0,0.00260104041616647,0,0.00704281712685074,0,0.000640256102440976,0.0630252100840336,0.000120048019207683,8.0032012805122e-05,0.000120048019207683,0,0.00212084833933573,0.00040016006402561,0.00104041616646659,0.000440176070428171,0.00488195278111244,8.0032012805122e-05,0.0038015206082433,0,4.0016006402561e-05,0.00548219287715086,0,8.0032012805122e-05,0.00256102440976391,0,0.00364145658263305,0,0.00348139255702281,0.000680272108843537,0.00152060824329732,0.000520208083233293,0,0,0.00208083233293317,0,0,0.00976390556222489,0,0,0.00252100840336134
"S-B3",0,0.00144305350120856,0,0.0215375735055377,0.000541145062953209,0.00999314549586926,0.000108229012590642,0,0,0,0,0.0126988708106353,0,0.000505068725422995,0,0,3.60763375302139e-05,0.0618348425267867,3.60763375302139e-05,0,0,0.0842021717955193,0.0143944586745554,0,0,0,0,0,0,0,0,7.21526750604279e-05,0.00865832100725134,0.00411270247844439,0.00115444280096685,0.000216458025181284,0,0.000288610700241711,0,0.000108229012590642,0.00483422922904867,0.017028031314261,0.00122659547602727,3.60763375302139e-05,0,0.000757603088134493,0,0,0.000685450413074065,0,0,0,0,0,0,0,0,0.0018038168765107,0,0,3.60763375302139e-05,0.000360763375302139,0,0.0209964284425845,0,0.304195678054764,0.000577221400483423,0.000360763375302139,0,0.0139615426241928,0.000108229012590642,0,0,0.000793679425664707,0.0111115119593059,0,0.0103539088711714,0.00393232079079332,0.000793679425664707,3.60763375302139e-05,0,0.0667051480933656,0.00115444280096685,0.00404054980338396,0.000360763375302139,0,0,0.00530322161694145,0.000288610700241711,0.00786464158158664,0,0,0.000541145062953209,0.00162343518885963,0.000613297738013637,0,0,0,0.000252534362711498,0.000252534362711498,0,0,0.000324687037771925,0,0,0.000468992387892781,0,0.000144305350120856,0,7.21526750604279e-05,0.000144305350120856,0.0667051480933656,0.000216458025181284,0.00566398499224359,0,0,0.0618709188643169,0.000144305350120856,0,0.000649374075543851,0,0.00140697716367834,0.0025974963021754,0.000108229012590642,3.60763375302139e-05,0,0.0130957105234677,0.00227280926440348,0.000144305350120856,0,0.000432916050362567,0.00216458025181284,0.000252534362711498,0.00194812222663155,0.00364371009055161,0.00328294671524947,0.00530322161694145,0.000144305350120856,0.00126267181355749,0,7.21526750604279e-05,0,0.000468992387892781,0,0,0,7.21526750604279e-05,3.60763375302139e-05,0.00018038168765107,0.000721526750604279,0,0,0,3.60763375302139e-05,0,0,3.60763375302139e-05,0.00472600021645803,0,0.0159457411883546,0.000613297738013637,0.00436523684115589,0.00692665680580107,0,3.60763375302139e-05,0,0,0,0,7.21526750604279e-05,0,0.000396839712832353,3.60763375302139e-05,0.00782856524405642,0,0.000432916050362567,0.0361845665428046,0.000360763375302139,0.000252534362711498,0,0,0.000721526750604279,0.000685450413074065,0.000901908438255348,0.000216458025181284,0.00191204588910134,0.000613297738013637,0.00248926728958476,0,0.000144305350120856,0.00757603088134493,0,7.21526750604279e-05,0.000360763375302139,0,0.00562790865471337,0,0.00205635123922219,0.000288610700241711,0.00158735885132941,0.000685450413074065,0.000324687037771925,0,0.00378801544067246,0,0,0.00941592409538584,0.000360763375302139,0,0.000901908438255348
"S-Bi-1",0,0.000119308013521575,0,0.0124080334062438,0.00202823622986677,0.00914694770332074,0,0,0,0,0,0.00139192682441837,0.000198846689202625,0,0,0.015072579041559,0,0.0141181149333864,3.9769337840525e-05,0.000676078743288924,0,0.0172598926227878,0.0118512626764764,0.00147146550009942,0,0,0,3.9769337840525e-05,0,0.0001590773513621,0,0,0.0321733943129847,0.000755617418969974,0.00123284947305627,0,0,0.0003181547027242,0.000556770729767349,0,0.000914694770332074,0.0178962020282362,0,7.95386756810499e-05,0.00119308013521575,0.000795386756810499,0.00425531914893617,0,0.0019089282163452,0,0.000954464108172599,0,0,0,0,0,0,0.00226685225690992,0,0,0,0.00107377212169417,0.000556770729767349,0.0194472062040167,0,0.224816066812488,0.000357924040564725,0.000278385364883675,0,0.000477232054086299,0.000835156094651024,0,0,0.0003181547027242,0.00902763968979916,0,0.00882879300059654,0,0.00163054285146152,0,0,0.0320938556373036,0.00620401670312189,0.00938556373036389,0.000715848081129449,0,0,0.00437462716245775,0,0.00604493935175979,0,0,0.000517001391926824,0.00155100417578047,0.000636309405448399,0,0,3.9769337840525e-05,0,0,0,0,0.011970570689998,0,0,0.00194869755418572,0.000437462716245775,0.000994233446013124,0,0.000636309405448399,0,0.243825810300258,0.0001590773513621,0.000556770729767349,0,0,0.0636707098826804,0,0,0,0,0.000795386756810499,0.000795386756810499,0,0,0,0.019168820839133,0,0,0.000676078743288924,0,0.00119308013521575,0.000636309405448399,0.000795386756810499,0.0014316961622589,0.00298270033803937,0.00799363690594552,0,0.000795386756810499,0,0.00210777490554782,3.9769337840525e-05,0.00163054285146152,7.95386756810499e-05,0,0,0.00123284947305627,0,0,0,0.000676078743288924,0.000437462716245775,0,0,0.00039769337840525,0,0,0.00616424736528137,0,0.0493139789222509,0.00023861602704315,0.000556770729767349,0.0038178564326904,0,0,0.000437462716245775,0,0,0,0.0001590773513621,0,0.00330085504076357,0.00039769337840525,0.00739709683833764,0,0.0001590773513621,0.003181547027242,0,0,0,0,0,0.00202823622986677,0.0011135414595347,0.0351560946510241,0.0019089282163452,0.000596540067607874,0.00322131636508252,0,0.000119308013521575,0.000636309405448399,0,0,0.00119308013521575,0,0.00624378604096242,0,0.00282362298667727,0.00023861602704315,0.000874925432491549,0.000278385364883675,3.9769337840525e-05,0.0003181547027242,0.0113740306223901,0.000556770729767349,0,0.00513024458142772,0.0003181547027242,0,0.00214754424338835
"S-Bi-2",0.000766283524904215,0.000766283524904215,0,0.00786448880822747,0,0.0140350877192982,0,0,0,0,0,0.000443637830207703,0,0.000887275660415406,0,0.00116959064327485,0,0.0108489614841702,0,0,0,0.0987699132889695,0.0172615446662634,0.00112925993143779,0,0.000846944948578342,0,0,0,0,0.000161322847348256,0.000120992135511192,0.044807420850978,0.00108892921960073,0,0,0,0,0.00237951199838677,0,0,0.0168985682597298,0.000443637830207703,0.000161322847348256,0,0.000725952813067151,0.00092760637225247,0,0.00205686630369026,0,0.00112925993143779,0,0,0,0,0,0,0,0,0,0,0.000282314982859447,0,0.00867110304496874,0,0.240774349667272,0,0.000725952813067151,0,0.00129058277878605,0,0,0.000322645694696511,0.000322645694696511,0.00758217382536802,0,0.00524299253881831,0,0.000645291389393023,0,0,0.026497277676951,0.00423472474289171,0.00645291389393023,0.000362976406533575,0,0,0.00286348054043154,0.00157289776164549,0.00310546481145392,8.06614236741279e-05,0,0.000403307118370639,0,0,0,0,0,0,0.00217785843920145,0,0,0.00193587416817907,0,0,0.000806614236741278,0,0,0,0,0,0.202137527727364,8.06614236741279e-05,0,0,0,0.0938092357330107,0,0.000241984271022384,0,0,0.00439604759023997,0.00108892921960073,0,0,0,0.0438798144787255,0,0.000120992135511192,0,0,0.000443637830207703,0.0010082677959266,0.00221818915103852,0,0.00241984271022384,0.0024601734220609,0,0,0,0.00298447267594273,0,0.000967937084089534,8.06614236741279e-05,0,0,0.00104859850776366,0,0,8.06614236741279e-05,0,0,0,4.03307118370639e-05,0,0.00020165355918532,0,0.0053639846743295,0,0.0242790885259125,0,0,0.00407340189554346,0,0.0014519056261343,0,0,0,0,0,0,0.00197620488001613,0,0.0162532768703368,0,0.00137124420246017,0.015769308328292,0,0,0,0,0.000564629965718895,0,0,0.000483968542044767,0,0.000241984271022384,0,0,0.00020165355918532,0.00621092962290784,0,0,0.000403307118370639,0,0.00108892921960073,0,0,0.000846944948578342,0,0,0.0014519056261343,0,0.0116152450090744,0,0,0.0043557168784029,4.03307118370639e-05,0,0.00020165355918532
"S-Bi-3",0.000207569362762056,0.00190271915865218,0.000415138725524113,0.0132498443229779,0.0072303328028783,0.0126963260222791,0,0,0,0,0,0.0050508544938767,0,0.000934062132429253,0,0.00536220853801979,0,0.030547291219816,0.000138379575174704,0.000449733619317789,0,0.0236629073548744,0.00930602643049886,0.000311354044143084,0,0.000276759150349408,0.000311354044143084,0,0.000276759150349408,0,0,0,0.0268110426900989,0.00276759150349408,0.000103784681381028,0,0,0.000138379575174704,0,6.91897875873521e-05,0.00152217532692175,0.0381581678544247,0.00197190894623954,0,0,0.00204109873382689,0.0015913651145091,0,0.000691897875873521,0,0.000415138725524113,6.91897875873521e-05,0,0,0,6.91897875873521e-05,0,0.000242164256555732,0.000345948937936761,0.000553518300698817,0,0.000138379575174704,0,0.0217947830900159,0,0.277278073756314,0.000311354044143084,0.00384003321109804,0.000415138725524113,0.00287137618487511,0,0,0.000207569362762056,0.00197190894623954,0.0164325745519961,0.000449733619317789,0.00653843492700477,0,0.00197190894623954,0.000311354044143084,0.00851034387324431,0.0242856154431606,0.0107936068636269,0.0111741506953574,6.91897875873521e-05,0.000380543831730437,0,0.00387462810489172,0.00134920085795337,0.00498166470628935,0,0,0.000207569362762056,0.000657302982079845,0.000415138725524113,0,0,0,0.000588113194492493,0,0,0.000207569362762056,0.000415138725524113,0,0,0.000345948937936761,0,0.00017297446896838,0,0,0.000380543831730437,0.131356811734588,0.000380543831730437,0,0,0,0.0703314190825434,0.000484328513111465,0,0.000415138725524113,0,0.00155677022071542,0.000138379575174704,0.000138379575174704,6.91897875873521e-05,0.000311354044143084,0.0115892894208815,0.000657302982079845,0,0.000726492769667197,0.000934062132429253,0.0015913651145091,0.000380543831730437,0.0025946170345257,0.00411679236144745,0.00397841278627275,0.00384003321109804,0.000311354044143084,0.000691897875873521,0,0.0015913651145091,0,0.0031827302290182,0.000207569362762056,0.000207569362762056,0,0.000415138725524113,0.000622708088286169,0,0.000968657026222929,0,0,0,0,0.000103784681381028,0.000761087663460873,0.000138379575174704,0.00795682557254549,0.00017297446896838,0.0204455822320625,0.000864872344841901,0.00124541617657234,0.000518923406905141,0,0,0,0,0,0,0.000242164256555732,0,0.00304435065384349,0,0.0602643049885837,0,0,0.0168131183837266,0.000518923406905141,0,0,0,0.00249083235314468,6.91897875873521e-05,0.00297516086625614,3.45948937936761e-05,0.00186812426485851,0.000276759150349408,0.00235245277796997,0,3.45948937936761e-05,0.00916764685532415,0,0,0.00155677022071542,0.000103784681381028,0.00352867916695496,0,0.00328651491039923,0.00114163149519131,0.000311354044143084,0.000103784681381028,0.000795682557254549,6.91897875873521e-05,0.00570815747595655,0.000761087663460873,0,0.0110703660139763,0.000622708088286169,3.45948937936761e-05,0.00117622638898499
"S-BF-1",0,0.00150758503721851,0,0.0143220578535758,0.000753792518609253,0.012060680297748,0,0,0,0,0,0.00254404975030623,0,0.000659568453783096,0,0,9.42240648261566e-05,0.0498445302930368,0,0,0,0.0654857250541788,0.0159238669556205,0.000376896259304626,0.00028267219447847,0,0,0,0,0,0,0,0.0197870536134929,0.00603034014887402,0.000659568453783096,0,0,0,0,0,0.00358051446339395,0.0265711862809762,0,0,0,0.00179025723169698,0,0,0.00056534438895694,0,0.00028267219447847,0,0,0,0,0,0,0,0,0,0,0,0,0.00772637331574484,0,0.336662583623858,0.00207292942617545,0.000659568453783096,0,0.00113068877791388,0,0,0,0,0.0093281824177895,0,0.00537077169509093,0,0.000659568453783096,0.000848016583435409,0,0.0342033355318948,0.00226137755582776,0.00122491284274004,0,0,0,0.000659568453783096,0,0.00631301234335249,0,0,0,0.00103646471308772,0,0,0,0,0,0,0,0.000659568453783096,0,0,0,0,0,0,0,0,0.000848016583435409,0.170262885140865,0,0,0,0,0.0630358993686988,0,0.00028267219447847,0,0,0,0.00122491284274004,0,0,0,0.0107415433901819,0.000753792518609253,0,0.000188448129652313,0.00122491284274004,0.00150758503721851,0.000848016583435409,0.00310939413926317,0.00292094600961085,0.00310939413926317,0.0056534438895694,0,0,0,0.00197870536134929,0.00028267219447847,0.00207292942617545,0,0,0,9.42240648261566e-05,0.00169603316687082,0,0,0,0,0,0,0,0,0,0.0049938754357863,0,0.0244040327899746,0,0,0,0,0,0,0,0,0,0,0,0.000942240648261566,0,0.0134740412701404,0,0.000753792518609253,9.42240648261566e-05,0,0,0,0,0.000659568453783096,0.00744370112126637,0,0.000376896259304626,0.00113068877791388,0.000659568453783096,0.000942240648261566,0,0,0.00942240648261566,0,0,0.000659568453783096,0,0.00197870536134929,0,0.00150758503721851,0.000942240648261566,0.00263827381513238,0,0,0,0.0116837840384434,0.000659568453783096,0,0.00640723640817865,0.000659568453783096,0.00113068877791388,0.000471120324130783
"S-BF-2",0,0.000607066251163544,0,0.00882269618357683,0.00097130600186167,0.00392569509085758,0,0,0,0,0,0.00408757942450119,0,0,0,0.00295438908899591,4.04710834109029e-05,0.0201141284552187,0,0,0,0.0761665789793193,0.0175644502003319,0.000445181917519932,0,0,0,0,0,4.04710834109029e-05,0.000242826500465417,0.000161884333643612,0.0129912177748998,0.00303533125581772,0,0,0,0,0,0,0.0014569590027925,0.0378404629891942,0.00157837225302521,0,0,0.000647537334574447,0,0,0,0,0,0,0,0,0,0.000202355417054515,0,0,0,0,0,0.000849892751628961,0,0.0169169128657574,0,0.389250880246064,0,0.00105224816868348,0,0.000930834918450767,0.000404710834109029,0.00028329758387632,0.000849892751628961,0.00101177708527257,0.0107653081873002,0.000566595167752641,0.00263062042170869,0,0.00530171192682828,0.000768950584807155,0.00101177708527257,0.0269132704682504,0.00910599376745315,0.00453276134202113,0.000930834918450767,0,0,0.00400663725767939,8.09421668218058e-05,0.0084179853494678,0,0,0,0,0.00169978550325792,0,0,0.000161884333643612,0.00028329758387632,0,0,0,0.0155408960297867,0,0,0.00101177708527257,0,0,0,0,0,0.102068072362297,0.000161884333643612,0.00246873608806508,0,0,0.0380428184062487,0.000728479501396252,0.000242826500465417,0.00105224816868348,0,0.00218543850418876,8.09421668218058e-05,0.000890363835039864,0.000121413250232709,0,0.00898458051722045,0.000930834918450767,0.00768950584807155,0.000566595167752641,0.000809421668218058,0.000890363835039864,0,0.00218543850418876,0.00153790116961431,0.00214496742077785,0.00481605892589745,0,0,0,0,0,0.00157837225302521,8.09421668218058e-05,0,0,0,0,0,0,0,0.000728479501396252,0,0,0,0.000566595167752641,0,0.00708243959690801,0,0.0299081306406573,0,0.000890363835039864,0,4.04710834109029e-05,0.0226233356266947,0,0,0,0,0,0,0.000202355417054515,0,0.0116152009389291,0,0,0.00437087700837751,0.000849892751628961,0,0,0,0,0.0042089926747339,0.00178072767007973,0.000242826500465417,0.00222590958759966,0.00178072767007973,0.000323768667287223,0.000647537334574447,0.00121413250232709,0.0101582419361366,0,0,0.000404710834109029,0,0.00222590958759966,0,0.00101177708527257,0.00117366141891618,0,0.000728479501396252,0.000607066251163544,0,0.00501841434295196,0,0,0.00760856368124975,0,0,0.000323768667287223
"S-BF-3",6.24375624375624e-05,0.000874125874125874,0,0.00705544455544456,0.00137362637362637,0.00842907092907093,0,0,0,0,0,0.00106143856143856,0,0.000312187812187812,0,0.0304070929070929,0,0.0227272727272727,6.24375624375624e-05,0.00124875124875125,0,0.0357142857142857,0.0181693306693307,0.000437062937062937,0,0,0,0,0,0,6.24375624375624e-05,0,0.0289085914085914,0.00730519480519481,0.00118631368631369,0,6.24375624375624e-05,0.000187312687312687,0,0,0.00118631368631369,0.0378371628371628,0.000999000999000999,0,0,0.00287212787212787,0.000312187812187812,0,0.000187312687312687,0.000187312687312687,0.00024975024975025,0,6.24375624375624e-05,6.24375624375624e-05,0,0,0,0.0004995004995005,0,6.24375624375624e-05,6.24375624375624e-05,0.000312187812187812,0,0.013548951048951,6.24375624375624e-05,0.2125999000999,0.000124875124875125,0.00168581418581419,0,0.00174825174825175,6.24375624375624e-05,0,6.24375624375624e-05,0.00118631368631369,0.0186063936063936,0.000187312687312687,0.00824175824175824,0,0.000124875124875125,0,0.000374625374625375,0.0335914085914086,0.00318431568431568,0.00586913086913087,0.000187312687312687,0,0,0.0024975024975025,6.24375624375624e-05,0.0104895104895105,0,0,0.000999000999000999,0.00024975024975025,0,0,0,0,0.000437062937062937,0,0,0,0.000312187812187812,0,6.24375624375624e-05,0.0014985014985015,6.24375624375624e-05,6.24375624375624e-05,0,0,0.000374625374625375,0.164398101898102,0,0,0.00024975024975025,0.000437062937062937,0.090472027972028,0,0,0.00137362637362637,0.000312187812187812,0.00124875124875125,0.000187312687312687,0.000312187812187812,0,0,0.0131118881118881,0.00118631368631369,0,0,0.000874125874125874,0.00131118881118881,6.24375624375624e-05,0.00262237762237762,0.00393356643356643,0.00493256743256743,0.00886613386613387,6.24375624375624e-05,0.0014985014985015,0,6.24375624375624e-05,0,0.000374625374625375,0.000686813186813187,0,0,0.00024975024975025,0.000936563436563437,0,0,0,0,0,0,0,0.000437062937062937,6.24375624375624e-05,0.00643106893106893,0.000312187812187812,0.0382117882117882,6.24375624375624e-05,0.00024975024975025,0.00605644355644356,0,0.000187312687312687,0,0,0,6.24375624375624e-05,0.000187312687312687,0.000187312687312687,0.00231018981018981,0.000312187812187812,0.0111763236763237,6.24375624375624e-05,0,0.0531968031968032,0.000811688311688312,0,0,0,0.000124875124875125,0.0034965034965035,0.00312187812187812,0.000749250749250749,0.00187312687312687,0.000312187812187812,0.000999000999000999,0,0.000124875124875125,0.00668081918081918,0,0,0.000312187812187812,6.24375624375624e-05,0.00162337662337662,0,0.00318431568431568,0.00106143856143856,0.00206043956043956,6.24375624375624e-05,0.000624375624375624,0.000124875124875125,0.00474525474525475,0,0,0.0161713286713287,0,6.24375624375624e-05,0.00168581418581419
"S-BFi-1",0,0.00257784067933684,0,0.0143044884755358,0.00262838657501011,0.0253740396279822,0.0829963606955115,0,0,0,5.05458956732713e-05,0.00247674888799029,0,0,0,0.000101091791346543,5.05458956732713e-05,0.0335119288313789,0,0,0,0.0193085321471896,0.00262838657501011,0.000556004852405985,0,0,0,0,0,0,0,0.000151637687019814,0.043216740800647,0.00272947836635665,0.00161746866154468,0,0.00146583097452487,0,0,0,0.00333602911443591,0.0920440760210271,0.00131419328750505,0.000202183582693085,0,0.000707642539425799,0,0,0.000353821269712899,0.00075818843509907,0.000353821269712899,5.05458956732713e-05,0,0,0,0,0.000454913061059442,5.05458956732713e-05,0,0,0,0.0010614638091387,0,0.0494338859684594,0,0.123331985442782,0,0.0068742418115649,0,0.000909826122118884,0,0,0,0.027749696724626,0.0142033966841892,0.000859280226445613,0.00869389405580267,0,0.000909826122118884,0,0.000606550748079256,0.057369591589163,0.0121815608572584,0.00485240598463405,0.000454913061059442,0,0.000202183582693085,0.00121310149615851,0,0.0211787302871007,0,0,0,5.05458956732713e-05,0,0,0,0,0.000353821269712899,0,0,0,0.000252729478366357,0,0,0,0,0,0,0,0,0.0810756166599272,0.000101091791346543,0.00126364739183178,0,0,0.092953902143146,0,0,0.00121310149615851,0.000303275374039628,0.000657096643752527,5.05458956732713e-05,0,0,0,0.0118277395875455,0.00303275374039628,0,0,0,0.00333602911443591,0,0.00409421754953498,0.0017691063485645,0.00859280226445613,0.00232511120097048,0,0.000556004852405985,0,0.000252729478366357,0,0.000353821269712899,0.000101091791346543,0,0,0,0,0,0.00171856045289123,0,0.000606550748079256,0,0,0,0.00187019813991104,0.00181965224423777,0.00667205822887182,0,0.0198645369995956,0,0,0.000707642539425799,5.05458956732713e-05,0.00161746866154468,0,0,0,0,0,0,0.00257784067933684,0,0.0103619086130206,0.000202183582693085,0,0,0,0,0,0,0,0.00197128993125758,0,5.05458956732713e-05,0.0211281843914274,5.05458956732713e-05,0.0137484836231298,0,0.000101091791346543,0.00247674888799029,0,0,0.00166801455721795,0,0.000303275374039628,0,0.00187019813991104,0.000454913061059442,0.000252729478366357,0.000606550748079256,0,0,0.0103619086130206,0,0,0.0111200970481197,0,0.000202183582693085,0.0021229276182774
"S-BFi-2",0,0.00293189996001955,0,0.00266536360001777,0.000621918173337479,0.00946204078006308,4.44227266669628e-05,0,0,0.000177690906667851,0,0.00222113633334814,0.00275420905335169,0,0,0.000444227266669628,4.44227266669628e-05,0.0418906312469459,0,0.000133268180000888,4.44227266669628e-05,0.0368264404069122,0.0164808315934432,0.0015547954333437,4.44227266669628e-05,4.44227266669628e-05,0,0,0,0.000133268180000888,0,0,0.0416240948869442,0.00830704988672205,0.000355381813335703,0,0.000355381813335703,0,0.000133268180000888,4.44227266669628e-05,0.00319843632002132,0.0416685176136111,0.00031095908666874,0,0,0.00173248634001155,0.000710763626671405,0,0.000133268180000888,0,8.88454533339256e-05,0,0.00031095908666874,0,0.000133268180000888,0.000133268180000888,0,0,8.88454533339256e-05,0.000266536360001777,0,0.000399804540002665,0,0.0192794633734619,0,0.220825374261472,4.44227266669628e-05,0.00128825907334192,8.88454533339256e-05,0.0178579361201191,0,0,0.000222113633334814,0.000844031806672293,0.0154146861534361,0.000133268180000888,0.00635244991337568,0,8.88454533339256e-05,8.88454533339256e-05,0.000577495446670517,0.0578828128470526,0.00679667718004531,0.0050197681133668,0.000266536360001777,0.000621918173337479,0,0.00208786815334725,0.000266536360001777,0.0084847407933899,0.000177690906667851,0,0,0,0.000444227266669628,0,0,0,0.00164364088667762,0,0,0,0.000266536360001777,0,0,0.000621918173337479,0,0,8.88454533339256e-05,0,4.44227266669628e-05,0.149571320687664,0,0.000266536360001777,0,0,0.111056816667407,0.000977299986673182,0.000133268180000888,0.000488649993336591,0,0.00302074541335347,0.000177690906667851,0.001199413620008,0,0,0.0199902270001333,0.0015547954333437,0,0,0.000977299986673182,0.00111056816667407,0.000755186353338368,0.00151037270667674,0.00315401359335436,0.00350939540669006,0.0104837634934032,0,0.00102172271334014,0,0.00408689085336058,0,4.44227266669628e-05,0,0,0,0.000666340900004442,0.000399804540002665,0,0.000222113633334814,0,0,0,0,0,0.000399804540002665,0.000577495446670517,0.00790724534671938,0,0.0160810270534405,0,0.00173248634001155,0.00159921816001066,0,0.00186575452001244,0,0,0,0,0.000266536360001777,0,0.00133268180000888,0,0.0120385589267469,4.44227266669628e-05,0.000177690906667851,0.0081293589800542,0,0,0.00031095908666874,0,0,8.88454533339256e-05,8.88454533339256e-05,8.88454533339256e-05,0.00559726356003732,0.000488649993336591,0.00186575452001244,0.000177690906667851,0.000177690906667851,0.00288747723335258,0,8.88454533339256e-05,0.000799609080005331,0,0.000710763626671405,0.000533072720003554,0.00413131358002754,0.000799609080005331,0.000399804540002665,0.000755186353338368,0.000844031806672293,0,0.00866243170005775,0,0,0.013149127093421,0.000177690906667851,0.000266536360001777,0.0019101772466794
"S-BFi-3",0.000163478829491581,0.000286087951610266,0.000204348536864476,0.00470001634788295,0.000735654732712114,0.0042504495667811,0,0,0,0.000122609122118686,4.08697073728952e-05,0.000449566781101847,0,0,0.000122609122118686,4.08697073728952e-05,0,0.019494850416871,0.00114435180644107,0.000163478829491581,0,0.0321644597024685,0.0116478666012751,0.00249305214974661,4.08697073728952e-05,8.17394147457904e-05,0,0,0.000122609122118686,0,8.17394147457904e-05,0,0.0445071113290829,0.00568088932483243,0.000613045610593428,0,0.000204348536864476,0,0.00138957005067844,0,0.000653915317966323,0.0528036619257806,0.00110348209906817,0,0,0.00416871015203531,4.08697073728952e-05,0,0.000286087951610266,0,0.000122609122118686,0,0,0.000122609122118686,0,0,0,0,0,0,0.000286087951610266,0.00196174595389897,0,0.0137322216772928,0,0.25408697073729,0.000204348536864476,0.00163478829491581,0,0.00134870034330554,0.000572175903220533,0,0.000449566781101847,0.00147130946542423,0.0149174431911068,0.000204348536864476,0.0068252411312735,0,0.000613045610593428,0,0.00183913683178028,0.0641245708680726,0.0162661435344123,0.00457740722576426,0.000163478829491581,0,0,0.00335131600457741,0,0.00731567761974824,0,0,0.000776524440085009,0.000245218244237371,0,4.08697073728952e-05,0,0,0.000531306195847638,0,0,0,0.000531306195847638,0,0,0.00159391858754291,0,0,0.000326957658983162,0.000286087951610266,0.00359653424881478,0.153097923818865,8.17394147457904e-05,0.000367827366356057,0,0.000204348536864476,0.0940411966650319,8.17394147457904e-05,0,0.000980872976949485,0,0.00151217917279712,0.000286087951610266,0,0,0,0.0222739905182279,0.000449566781101847,0,0,0.000245218244237371,0.00102174268432238,0,0.00114435180644107,0.004291319274154,0.0033921857119503,0.00801046264508746,0,0.00237044302762792,8.17394147457904e-05,0.000367827366356057,0,8.17394147457904e-05,0,0,0,0.00114435180644107,0.000735654732712114,0.000163478829491581,0.000817394147457904,0,0.00094000326957659,0,0,0.000204348536864476,0,0.000572175903220533,0.00523132254373059,8.17394147457904e-05,0.0445479810364558,0.000817394147457904,0.000572175903220533,0.00118522151381396,0,0.00130783063593265,0,0.000286087951610266,0,0,8.17394147457904e-05,0,0.00122609122118686,0.00110348209906817,0.00613045610593428,0,0,0.0025339218571195,8.17394147457904e-05,0,0,0,0,8.17394147457904e-05,0.00143043975805133,0,0.00147130946542423,0.000408697073728952,0.00110348209906817,0,0,0.00232957332025503,8.17394147457904e-05,0,0.00179826712440739,0.000531306195847638,0.0025747915644924,0,0.00175739741703449,0.000531306195847638,0.000531306195847638,4.08697073728952e-05,0.000204348536864476,0.000245218244237371,0.0102991662579696,0,0,0.0122200425044957,0.00204348536864476,0,0.00204348536864476
"S1",0,0.00228453937974756,0,0.0275858130104518,0.00988063281740819,0.0116511508367125,0,0.000228453937974756,0.000799588782911645,0,0,0.00988063281740819,5.7113484493689e-05,0.000171340453481067,0,0.0110800159917757,0,0.0496887315095094,0,0.000171340453481067,0.000114226968987378,0.0296418984522246,0.00439773830601405,0.000456907875949512,0,0,0,5.7113484493689e-05,0,0.000171340453481067,0.000114226968987378,0,0.0217602375920955,0.0126220800731053,0.00342680906962134,0,0.00228453937974756,5.7113484493689e-05,0,5.7113484493689e-05,0.00525444057341938,0.0206750813867154,0.000799588782911645,0.000114226968987378,0,0.00177051801930436,0.000285567422468445,0,0.000342680906962134,0.000399794391455823,0.000742475298417957,5.7113484493689e-05,0,0,5.7113484493689e-05,5.7113484493689e-05,0.000628248329430579,0.000285567422468445,0,5.7113484493689e-05,0,0.00125649665886116,0,0.0687646353304015,0,0.102061796790222,0.000399794391455823,0.000114226968987378,0,0.0132503284025358,5.7113484493689e-05,0,0.000228453937974756,0.00365526300759609,0.023873436518362,0.000342680906962134,0.0284425152778571,0,0.00405505739905192,0.000171340453481067,0.000970929236392712,0.0829287794848364,0.00165629105031698,0.0082814552515849,0.000514021360443201,0,0,0.00234165286424125,0.000514021360443201,0.0267291107430464,5.7113484493689e-05,0.000285567422468445,0.0057113484493689,0.000970929236392712,0.00119938317436747,0,5.7113484493689e-05,0,0.00125649665886116,0.000114226968987378,5.7113484493689e-05,0,0.0277000399794391,0,0,0.000285567422468445,0,0.000114226968987378,0,0,0.000285567422468445,0.0599120452338797,0,0,0.000114226968987378,0.000514021360443201,0.0898395111085727,0,0,0.00057113484493689,0.000114226968987378,0.00119938317436747,0.000171340453481067,0,5.7113484493689e-05,0.000114226968987378,0.0072534125306985,0.000628248329430579,0.000228453937974756,0,0.000970929236392712,0.00222742589525387,0.00782454737563539,0.000685361813924268,0.0107944485693072,0.0108515620538009,0.011194242960763,5.7113484493689e-05,0.000114226968987378,0,0.00908104403449654,0,0.000114226968987378,0,0.000171340453481067,0,0.00057113484493689,0.000285567422468445,0.000628248329430579,0.00194185847278542,0,0.000114226968987378,0.000114226968987378,0,5.7113484493689e-05,0.000399794391455823,0.000456907875949512,0.0155348677822834,0.000285567422468445,0.0187903363984237,0.000399794391455823,0.00742475298417956,0.00336969558512765,0,0.000285567422468445,0,0.000114226968987378,0,0,0,5.7113484493689e-05,0.00588268890284996,0.000171340453481067,0.00514021360443201,0,0.000970929236392712,0.00422639785253298,0.00251299331772231,0.000913815751899023,0,0.000342680906962134,0.0106802216003198,0.000342680906962134,0.0010280427208864,0.000285567422468445,0.0067393911702553,5.7113484493689e-05,0.00508310011993832,0,0,0.00177051801930436,5.7113484493689e-05,0,0.00182763150379805,0,0.002570106802216,0.000228453937974756,0.0119938317436747,0.000799588782911645,0.0030841281626592,0.000514021360443201,0.0010280427208864,0.000171340453481067,0.00468330572848249,0,0,0.0146210520303844,0.00639671026329316,0,0.0010280427208864
"S2",8.6884747382597e-05,0.000999174594899865,0,0.0296711412311569,0.00156392545288675,0.00886224423302489,0,0.00104261696859116,0.000130327121073895,0.000390981363221686,0,0.00938355271732047,0,4.34423736912985e-05,8.6884747382597e-05,0.00152048307919545,0,0.0407055041487467,0,0.000999174594899865,0.000521308484295582,0.0104696120596029,0.002910639037317,0.000434423736912985,4.34423736912985e-05,0,0.000130327121073895,0,0,0,0,4.34423736912985e-05,0.0164646596290021,0.0415309092488814,0.00556062383248621,0.000738520352752074,0.00247621530040401,0,0,0.000217211868456492,0.00447456449020375,0.0216777444719579,0.00169425257396064,0,0,0.00390981363221686,0,8.6884747382597e-05,0.000781962726443373,0.000304096615839089,0.000434423736912985,0.000130327121073895,4.34423736912985e-05,0,8.6884747382597e-05,8.6884747382597e-05,0,0.00134671358443025,0.000390981363221686,0.000173769494765194,0.000217211868456492,0.000260654242147791,4.34423736912985e-05,0.104652678222338,0,0.0691168165428559,0.000955732221208567,0.00747208827490334,0,0.0217646292193405,4.34423736912985e-05,0,0.000217211868456492,0.00425735262174725,0.0363612667796168,0.00117294408966506,0.0364915939006907,0,0.00169425257396064,0.000738520352752074,0.00386637125852557,0.0994830357530735,0.00143359833181285,0.00486554585342543,0.000695077979060776,0.000521308484295582,0,0.00139015595812155,0.000304096615839089,0.0186367783135671,0.000130327121073895,0.000173769494765194,0.00460489161127764,0.000738520352752074,0.00225900343194752,0,0,0,0.000390981363221686,0.000304096615839089,4.34423736912985e-05,0,0.00221556105825622,0,0,0.000173769494765194,0,0,0.000173769494765194,0,0.000130327121073895,0.0516095399452626,0.000130327121073895,0,0,0.000825405100134671,0.0629479994786915,0.000781962726443373,0,0.000608193231678179,0.000304096615839089,0.00230244580563882,0.000608193231678179,4.34423736912985e-05,8.6884747382597e-05,0,0.00920978322255528,0.00217211868456492,0,0,0.00165081020026934,0.00221556105825622,0.000260654242147791,0.000781962726443373,0.0128589426126244,0.0087753594856423,0.00447456449020375,4.34423736912985e-05,0.0027803119162431,0,0.000477866110604283,0,0.000260654242147791,0,0,0,0.000477866110604283,0.000477866110604283,0.000347538989530388,0.000608193231678179,0,0.000173769494765194,4.34423736912985e-05,0,0.000347538989530388,0.000390981363221686,0.000521308484295582,0.0154654850341023,0.000217211868456492,0.019940049524306,0.000781962726443373,0.00560406620617751,0.000738520352752074,0,8.6884747382597e-05,4.34423736912985e-05,0.000217211868456492,0.000173769494765194,8.6884747382597e-05,0.000130327121073895,4.34423736912985e-05,0.00421391024805595,0.000390981363221686,0.00647291368000348,0.000130327121073895,0.00238933055302142,0.0354055345584083,0.00056475085798688,0,0,0,0.0234154394196099,4.34423736912985e-05,0.000651635605369477,0,0.00512620009557322,4.34423736912985e-05,0.00781962726443373,8.6884747382597e-05,0.000130327121073895,0.00308440853208219,0,4.34423736912985e-05,0.000477866110604283,0.000130327121073895,0.00264998479516921,0,0.00842782049611191,4.34423736912985e-05,0.00165081020026934,0.0174203918502107,0.00108605934228246,0.000173769494765194,0.00560406620617751,4.34423736912985e-05,0.000347538989530388,0.0156392545288675,0.000173769494765194,8.6884747382597e-05,0.00208523393718233
"S3",0.000185431282257317,0.00210155453224959,0.000247241709676422,0.0323886639676113,0.00540841239917174,0.00750996693142133,0,0.000649009487900609,0.00055629384677195,0,0,0.0110331612943104,3.09052137095528e-05,0,0,0.0114349290725345,0,0.0468213987699725,0,0.000401767778224186,0,0.0203356306208857,0.00448125598788516,0,0,0,0,0,0,0,0.00021633649596687,0.000309052137095528,0.0282782705442408,0.0116512655685014,0.00432672991933739,0,0.0010507772661248,0,0,9.27156411286584e-05,0.00559384368142906,0.0217881756652347,0.000679914701610162,6.18104274191056e-05,0,0.00154526068547764,0.000278146923385975,6.18104274191056e-05,0.00055629384677195,0.000185431282257317,0.00123620854838211,0.000339957350805081,0.000154526068547764,0,0,0.000185431282257317,0.00114349290725345,0.000247241709676422,0.000154526068547764,0.000123620854838211,0,0,0,0.051209939116729,0.000154526068547764,0.112340451834224,0.000494483419352845,0.00182340760886362,0,0.0102914361652811,0,0,0.000247241709676422,0.00237970145563557,0.0247859813950613,0.000679914701610162,0.0210464505362055,0,0.00197793367741138,0,0.00179250239515406,0.0916339586488241,0.00194702846370183,0.00726272522174491,0.000649009487900609,0.000309052137095528,0,0.00188521803628272,0.00055629384677195,0.0217881756652347,0,0.000154526068547764,0.00553203325400995,0.000710819915319714,0.000927156411286584,0.000154526068547764,0,0,0.00123620854838211,0.00055629384677195,0,0.000185431282257317,0.0180486448063788,0.000123620854838211,0,0.000370862564514634,0,0.000278146923385975,0,0,0.000247241709676422,0.0803535556448373,0.00077263034273882,0,0,0.000154526068547764,0.112402262261644,0.000309052137095528,0,0.000865345983867478,0.000309052137095528,0.00179250239515406,0.000587199060481503,0.00021633649596687,0.000247241709676422,0,0.0132274314676886,0.000865345983867478,0.000587199060481503,0,0.00203974410483049,0.00148345025805853,0.00290509008869796,0.00135982940322032,0.00828259727416015,0.00605742188707235,0.00778811385480731,3.09052137095528e-05,0.000123620854838211,0,0.00837531291528881,0,0.000587199060481503,3.09052137095528e-05,3.09052137095528e-05,0,0,0.000309052137095528,0.000339957350805081,0.000587199060481503,0,0.000339957350805081,0,0.000185431282257317,0.000401767778224186,0.000278146923385975,0.000370862564514634,0.0136910096733319,0.000834440770157926,0.0242605927619989,0.000309052137095528,0.00324504743950304,0.00346138393546991,0,9.27156411286584e-05,0.000278146923385975,3.09052137095528e-05,0,0,6.18104274191056e-05,3.09052137095528e-05,0.0049139289798189,0.000494483419352845,0.00398677256853231,0,0.00151435547176809,0.0101369100967333,0.00117439812096301,0.000710819915319714,0,0.000185431282257317,0.00933337454028495,6.18104274191056e-05,0.00126711376209166,6.18104274191056e-05,0.00349228914917947,6.18104274191056e-05,0.0027505640201502,0,3.09052137095528e-05,0.00250332231047378,0.000370862564514634,0,0.00160707111289675,0,0.00318323701208394,0,0.00856074419754613,0.000587199060481503,0.00173069196773496,0.00534660197175263,0.000185431282257317,0.000185431282257317,0.00707729393948759,6.18104274191056e-05,9.27156411286584e-05,0.0148035973668758,0.00293599530240752,0,0.00207064931854004
